"response_id,nps_score,feedback_text,response_date,member_location"
"RESP_001,3,""Tried to reschedule my scan three times over the past two weeks. Still haven't received confirmation. Called support twice and left messages but no one has called me back. Really frustrated with this process."",2026-01-20,New York"
"RESP_002,9,""Everything was smooth from start to finish. The facility was clean, staff was professional, and I got my results quickly. Very impressed with the whole experience."",2026-01-20,San Francisco"
"RESP_003,2,""Booking system showed my preferred time slot as available but when I clicked to confirm I got an error message. Tried multiple times, same issue. Eventually had to call but wait time was 45 minutes. Not acceptable."",2026-01-19,Los Angeles"
"RESP_004,10,""The scan itself was quick and the technician made me feel comfortable. Results came back faster than expected and the Scan Advisor walked me through everything. Worth every penny."",2026-01-19,London"
"RESP_005,4,""Requested to change my appointment two weeks ago due to a work conflict. Got an automated email saying someone would get back to me within 48 hours. Still waiting. Had to miss my original scan."",2026-01-18,Boston"
"RESP_006,8,""Overall good experience. Only complaint is the facility was a bit hard to find - better directions would help. But the scan quality and follow-up were excellent."",2026-01-18,Chicago"
"RESP_007,1,""Absolute disaster. Showed up for my appointment and they had no record of it. Showed them my confirmation email and they said the system must have had an error. Wasted my entire morning."",2026-01-17,Miami"
"RESP_008,7,""Pretty good experience overall. Scan was thorough and staff answered all my questions. Would have been nice to get results a bit faster but understand it takes time to review."",2026-01-17,Seattle"
"RESP_009,3,""Communication is terrible. I asked a simple question about my results three days ago and still haven't heard back. Had to follow up twice. For the price we pay this is unacceptable."",2026-01-16,Austin"
"RESP_010,9,""Impressed with how comprehensive the scan is and how knowledgeable the radiologist was during my results review. Feel much more confident about my health now."",2026-01-16,New York"
"RESP_011,5,""The scan itself was fine but getting scheduled was a nightmare. Website kept crashing when I tried to book. Eventually called but was on hold for 30+ minutes."",2026-01-15,Denver"
"RESP_012,10,""Best preventive health decision I've made. The whole team was incredibly professional and the technology is amazing. Already referred two friends."",2026-01-15,San Francisco"
"RESP_013,2,""Very disappointed. Results took three weeks to get back to me despite being told 7-10 days. When I called to check status I got transferred three times and no one could tell me anything."",2026-01-14,Toronto"
"RESP_014,8,""Great experience at the facility. Staff was warm and welcoming. Only minor issue was some confusion about parking but they sorted it out quickly."",2026-01-14,Los Angeles"
"RESP_015,4,""Tried to reschedule due to being sick and the process was incredibly difficult. Couldn't do it online, had to call, got put on hold, then transferred, then told I'd get a callback. Never got one."",2026-01-13,London"
"RESP_016,9,""Everything exceeded my expectations. From booking to results delivery, every touchpoint was professional and efficient. This is healthcare done right."",2026-01-13,Boston"
"RESP_017,3,""Website said appointments available at my preferred location but when I went to book it said no availability for 6 weeks. False advertising. Very frustrating."",2026-01-12,Chicago"
"RESP_018,6,""Decent experience overall. Scan was thorough but the facility was quite cold and uncomfortable. Staff was nice though and tried to make me comfortable."",2026-01-12,Miami"
"RESP_019,1,""Tried to reach someone to discuss my abnormal finding for two days. Left multiple voicemails marked urgent. Finally got a callback 48 hours later. This is my health we're talking about - unacceptable response time."",2026-01-11,Seattle"
"RESP_020,10,""Cannot say enough good things. The Scan Advisor was incredibly thorough in explaining my results and next steps. Feel so much better having this baseline."",2026-01-11,Austin"
"RESP_021,4,""Booking process needs serious work. Had to create an account, then verify email, then fill out extensive forms, then try to find availability. Took over an hour just to schedule."",2026-01-10,New York"
"RESP_022,7,""Good experience at the imaging center. Staff was professional. My only complaint is the follow-up communication could be better - had to chase for answers."",2026-01-10,San Francisco"
"RESP_023,3,""Scheduled my scan for 9am. Arrived on time. Waited 45 minutes past my appointment time with no explanation or apology. Time is valuable too."",2026-01-09,Denver"
"RESP_024,9,""The whole process was seamless. Love that I can message my Scan Advisor anytime and get quick responses. This is the future of healthcare."",2026-01-09,Los Angeles"
"RESP_025,2,""Customer service is severely lacking. Sent three emails asking about insurance and never got a response. Finally called and got disconnected twice before getting through."",2026-01-08,Toronto"
"RESP_026,8,""Really thorough scan and excellent follow-up care. Appreciated how much time the doctor spent reviewing my results with me. Minor issues with the booking system but nothing major."",2026-01-08,London"
"RESP_027,5,""Mixed experience. The scan itself was great and facility was nice. But communication leading up to it was confusing - got conflicting information about prep requirements."",2026-01-07,Boston"
"RESP_028,10,""Absolutely phenomenal from start to finish. This is what preventive healthcare should look like. Every interaction was thoughtful and professional."",2026-01-07,Chicago"
"RESP_029,3,""Tried to book online but the system wouldn't accept my insurance information. Spent 40 minutes on the phone trying to sort it out. Very frustrating start."",2026-01-06,Miami"
"RESP_030,7,""Good overall but results took longer than expected. Was told 7-10 days, took almost 3 weeks. Scan quality seems excellent though."",2026-01-06,Seattle"
"RESP_031,4,""Had to reschedule twice due to work emergencies. First time was fine. Second time I got an email saying I'd be charged a fee even though it was more than 48 hours notice. Policy seems arbitrary."",2026-01-05,Austin"
"RESP_032,9,""Incredibly impressed with the technology and expertise. The radiologist caught something my regular doctor had missed. Already scheduled my next annual scan."",2026-01-05,New York"
"RESP_033,1,""Horrible communication. Changed my appointment without telling me. Showed up and they said my new time was the next day. Complete waste of time and incredibly unprofessional."",2026-01-04,San Francisco"
"RESP_034,8,""Very thorough scan and helpful staff. Appreciated the detailed report. Only wish the initial booking process was smoother - had some technical issues."",2026-01-04,Denver"
"RESP_035,6,""Decent experience but nothing exceptional for the price. Scan was fine, staff was adequate, results came back on time. Expected more 'wow' factor."",2026-01-03,Los Angeles"
"RESP_036,10,""This is healthcare innovation at its finest. From the seamless booking to the comprehensive results review, every detail was perfect. Worth every dollar."",2026-01-03,Toronto"
"RESP_037,3,""Tried to reach my Scan Advisor about a concerning finding for 3 days. Left two voicemails and sent two messages through the portal. Finally got a generic response that didn't address my specific question."",2026-01-02,London"
"RESP_038,7,""Overall positive experience. Facility was state-of-the-art and staff was knowledgeable. Follow-up could have been a bit more personal but still good."",2026-01-02,Boston"
"RESP_039,2,""System sent me a reminder for the wrong date and time. When I showed up they had no appointment for me. Took 30 minutes to straighten out. Their system clearly has issues."",2026-01-01,Chicago"
"RESP_040,9,""Exceeded expectations in every way. The preventive approach and thoroughness gives me real peace of mind. Already planning to make this an annual routine."",2026-01-01,Miami"
"RESP_041,4,""Website crashed three times while I was trying to enter payment information. Finally had to call to complete booking. For a tech-forward company this is embarrassing."",2025-12-31,Seattle"
"RESP_042,8,""Great scan experience. Technician was excellent at explaining what they were looking at. Results were comprehensive. Booking process could be more intuitive."",2025-12-31,Austin"
"RESP_043,5,""Scan was fine but the administrative side needs work. Multiple emails with conflicting information about what to bring, what to wear, etc. Left me confused."",2025-12-30,New York"
"RESP_044,10,""Absolutely worth it. Caught an early stage issue that would have gone undetected for years otherwise. The team's expertise potentially saved my life."",2025-12-30,San Francisco"
"RESP_045,3,""Requested to change locations. Request was ignored. Had to escalate to get it changed."",2025-12-29,Denver"
"RESP_046,6,""Decent overall but felt a bit rushed during the results review. Would have liked more time to ask questions. Scan quality seems good though."",2025-12-29,Los Angeles"
"RESP_047,1,""Cancelled my appointment less than 24 hours before due to a family emergency. Was charged $200 cancellation fee with no flexibility or compassion. Will not return."",2025-12-28,Toronto"
"RESP_048,9,""Top-notch experience from beginning to end. The level of detail in the scan and results report is incredible. Feel like I finally have a complete picture of my health."",2025-12-28,London"
"RESP_049,4,""Booking availability is extremely limited. Couldn't get an appointment for almost 3 months at my preferred location. For something marketed as preventive care that's too long."",2025-12-27,Boston"
"RESP_050,7,""Good experience overall. Facility was clean and modern. Staff was professional. Results came back as promised. Would recommend with minor reservations."",2025-12-27,Chicago"
"RESP_051,3,""No one told me I needed to fast before the scan. Got there and they said I needed to reschedule. Communication about preparation requirements was completely inadequate."",2025-12-26,Miami"
"RESP_052,10,""This is preventive medicine done right. Comprehensive, professional, and actually enjoyable. Never thought I'd say that about a medical procedure."",2025-12-26,Seattle"
"RESP_053,2,""Waited 4 weeks for results despite being told 10 days. When I called to check status I kept getting transferred and no one could give me a straight answer. Terrible communication."",2025-12-25,Austin"
"RESP_054,8,""Really impressed with the thoroughness of the scan and the expertise of the radiologist. Minor administrative hiccups but nothing that affected the core experience."",2025-12-25,New York"
"RESP_055,5,""Scan was good but the check-in process at the facility was disorganized. Waited 20 minutes while they figured out their system. Not a great first impression."",2025-12-24,San Francisco"
"RESP_056,9,""Excellent in every dimension. Staff was warm and knowledgeable, scan was comprehensive, results were delivered clearly and on time. Very satisfied."",2025-12-24,Denver"
"RESP_057,4,""Tried to upload documents through the portal before my appointment but the upload kept failing. Called support and they said it's a known issue. Why isn't it fixed?"",2025-12-23,Los Angeles"
"RESP_058,7,""Generally positive experience. Scan quality is clearly high-end. Follow-up could be more proactive - felt like I had to chase for information."",2025-12-23,Toronto"
"RESP_059,1,""Missed my appointment because the confirmation email had the wrong address. Drove to the location in the email and it was a completely different facility. Lost hours of my day."",2025-12-22,London"
"RESP_060,10,""Cannot recommend highly enough. This is healthcare at the highest level. Every touchpoint demonstrated competence, care, and attention to detail."",2025-12-22,Boston"
"RESP_061,3,""Online scheduling system doesn't show real availability. Selected multiple slots that all said 'available' but got errors when trying to book. Wasted 45 minutes before calling."",2025-12-21,Chicago"
"RESP_062,8,""Very professional experience. The scan technology is impressive and the staff clearly knows their stuff. Booking process could be streamlined but overall very good."",2025-12-21,Miami"
"RESP_063,6,""Fine experience but didn't feel particularly special for the premium price. Scan was thorough and staff was competent but nothing exceptional."",2025-12-20,Seattle"
"RESP_064,9,""Impressed with how seriously they take every finding, even minor ones. The thoroughness and follow-up care is exactly what preventive medicine should be."",2025-12-20,Austin"
"RESP_065,2,""Customer service is non-existent. Tried to get clarification about my bill for a week. Multiple calls, multiple emails, no response. Finally disputed with my credit card."",2025-12-19,New York"
"RESP_066,7,""Good scan, decent facility, professional staff. Nothing stood out as exceptional but also nothing major to complain about. Solid experience overall."",2025-12-19,San Francisco"
"RESP_067,4,""Scheduled for 2pm. Got a text at 1:45pm saying my appointment was moved to 4pm due to equipment issues. Would have appreciated more notice. Threw off my whole day."",2025-12-18,Denver"
"RESP_068,10,""This is the gold standard for preventive health screening. The combination of technology, expertise, and customer service is unmatched. Worth every penny."",2025-12-18,Los Angeles"
"RESP_069,5,""Mixed bag. Scan itself was great. But between booking difficulties, communication issues, and slow results, the overall experience was just okay."",2025-12-17,Toronto"
"RESP_070,8,""Really positive experience overall. A few small hiccups with scheduling but the core service - the scan and results review - was excellent."",2025-12-17,London"
"RESP_071,3,""Got my results but they were missing key sections that were promised in the brochure. When I asked about it I was told that's 'only available in certain cases.' Felt like bait and switch."",2025-12-16,Boston"
"RESP_072,9,""Outstanding service from start to finish. Every person I interacted with was knowledgeable, responsive, and genuinely seemed to care about my health outcomes."",2025-12-16,Chicago"
"RESP_073,1,""Tried to reschedule my appointment 5 days in advance. Was told I'd have to pay a fee. Policy says 48 hours notice but apparently 5 days isn't enough? Makes no sense."",2025-12-15,Miami"
"RESP_074,6,""Decent experience but room for improvement. Scan quality seems good but the whole process felt a bit impersonal. More of a factory than a healthcare experience."",2025-12-15,Seattle"
"RESP_075,4,""Results portal is confusing and difficult to navigate. Took me 20 minutes to find my actual report. For a company focused on user experience this is disappointing."",2025-12-14,Austin"
"RESP_076,10,""Life-changing experience. The insights from the scan and the expertise of the medical team gave me a roadmap for optimizing my health. Cannot thank them enough."",2025-12-14,New York"
"RESP_077,3,""Facility was cold, uncomfortable, and the gown they provided was paper thin. Not what I expected for the premium price. Core scan was fine but experience was lacking."",2025-12-13,San Francisco"
"RESP_078,7,""Solid experience. No major complaints but also nothing that really wowed me. Good scan quality and professional staff. Does what it promises."",2025-12-13,Denver"
"RESP_079,9,""Impressed with how comprehensive the scan is and how knowledgeable the radiologist was. Feel much more confident about my health now."",2026-01-16,New York"
"RESP_080,9,""Extremely thorough and professional. The medical provider spent significant time explaining my results and answering questions. Felt genuinely cared for throughout."",2025-12-12,Toronto"
"RESP_081,5,""Scan was good but follow-up was lacking. Had questions about my results and it took multiple attempts to get connected with someone who could help."",2025-12-11,London"
"RESP_082,8,""Very impressed with the medical side. Scan technology is clearly cutting-edge. Administrative processes could use some refinement but overall excellent."",2025-12-11,Boston"
"RESP_083,4,""Website promised 'concierge service' but I've felt like just a number. Generic automated emails, difficulty getting personalized responses. Not the experience I paid for."",2025-12-10,Chicago"
"RESP_084,10,""Flawless execution. From the initial consultation to the final results review, every interaction exceeded expectations. This is healthcare innovation."",2025-12-10,Miami"
"RESP_085,3,""Had a question about prep requirements and sent a message through the portal 5 days before my scan. Never got a response. Had to call day-of to confirm."",2025-12-09,Seattle"
"RESP_086,7,""Generally good experience. Few administrative issues but the core medical service was solid. Would use again despite the hiccups."",2025-12-09,Austin"
"RESP_087,1,""Results contained obvious errors (wrong age, wrong medical history). When I pointed it out they said it was a 'system glitch.' How can I trust the scan results if basic data is wrong?"",2025-12-08,New York"
"RESP_088,9,""Phenomenal service. The attention to detail and thoroughness is exactly what I was looking for. Finally feel like I have a true health partner."",2025-12-08,San Francisco"
"RESP_089,6,""Okay experience. Nothing terrible but nothing exceptional either. Scan was fine, staff was fine, results were fine. Just...fine."",2025-12-07,Denver"
"RESP_090,10,""Best healthcare investment I've ever made. The peace of mind knowing I have a comprehensive baseline is invaluable. The team went above and beyond."",2025-12-07,Los Angeles"
"RESP_091,3,""Tried to access my results online but the portal kept saying 'error loading document.' Called support and they couldn't fix it. Had to wait for them to email me a PDF days later."",2025-12-06,Toronto"
"RESP_092,8,""Impressed with the professionalism and thoroughness. Staff took time to explain everything. Only minor issue was some confusion about billing but they sorted it out."",2025-12-06,London"
"RESP_093,5,""Scan was fine but the pre-scan communication was lacking. Wasn't clear what I needed to do to prepare. Had to call multiple times to get answers."",2025-12-05,Boston"
"RESP_094,9,""Everything about this experience was top-tier. From booking to results delivery, felt like VIP treatment. This is how healthcare should work."",2025-12-05,Chicago"
"RESP_095,2,""Scheduled my scan weeks in advance. Three days before, got an email saying the facility cancelled due to 'staffing issues.' No help finding alternative. Had to start search over."",2025-12-04,Miami"
"RESP_096,7,""Good experience with some rough edges. Scan quality was excellent, staff was knowledgeable. Booking and scheduling processes need work."",2025-12-04,Seattle"
"RESP_097,4,""Follow-up after my scan has been terrible. Have questions about my results but can't get anyone to call me back. Left three messages over 10 days."",2025-12-03,Austin"
"RESP_098,10,""Cannot say enough positive things. Early detection from this scan may have saved my life. The care and expertise throughout the process was exceptional."",2025-12-03,New York"
"RESP_099,6,""Middle-of-the-road experience. Nothing went terribly wrong but nothing impressed me either. For the premium price, expected more."",2025-12-02,San Francisco"
"RESP_100,8,""Very satisfied overall. Few minor hiccups but the core service was excellent. Would definitely recommend to friends and family."",2025-12-02,Denver"
"RESP_101,3,""Booking system is a disaster. Tried three different browsers, all gave errors. Spent an hour on phone being transferred between departments to finally book."",2025-12-01,Los Angeles"
"RESP_102,9,""Exceptional from start to finish. The technology, the expertise, the communication - all world-class. This is preventive healthcare done right."",2025-12-01,Toronto"
"RESP_103,5,""Scan itself was good but everything around it was frustrating. Communication delays, scheduling issues, confusing billing. The medical team saved this from being a 2."",2025-11-30,London"
"RESP_104,10,""Absolutely blown away by the quality of service. Every detail was thought through. Feel so much better about my health having this comprehensive assessment."",2025-11-30,Boston"
"RESP_105,2,""Tried to get my scan moved due to COVID exposure. Was told I'd have to pay cancellation fee even though it was for public health. No empathy or flexibility."",2025-11-29,Chicago"
"RESP_106,7,""Pretty good overall. Scan was thorough, staff was friendly. Some administrative confusion but nothing that ruined the experience."",2025-11-29,Miami"
"RESP_107,4,""Results review felt rushed. Had prepared questions but the medical provider seemed in a hurry. For what I paid, expected more time and attention."",2025-11-28,Seattle"
"RESP_108,9,""Outstanding experience. The scan caught something important early. The team's follow-up and care coordination has been excellent. Grateful I did this."",2025-11-28,Austin"
"RESP_109,6,""Fine but unspectacular. Scan was done professionally, got results on time. Nothing particularly memorable about the experience."",2025-11-27,New York"
"RESP_110,10,""This is healthcare at its absolute best. Every touchpoint was excellent. Already planning my next annual scan. Worth every single penny."",2025-11-27,San Francisco"
"RESP_111,3,""Communication about what to expect was poor. Scan took much longer than I was told. No updates during the process. Left feeling frustrated."",2025-11-26,Denver"
"RESP_112,8,""Really positive experience. Minor issues with parking and facility signage but the medical care and results delivery were excellent."",2025-11-26,Los Angeles"
"RESP_113,5,""Mixed feelings. The scan technology is impressive but customer service needs major improvement. Too many dropped balls in communication."",2025-11-25,Toronto"
"RESP_114,9,""Exceeded all expectations. The team's expertise and the thoroughness of the scan gave me incredible peace of mind. Highly recommend."",2025-11-25,London"
"RESP_115,1,""Worst healthcare experience I've had. Multiple reschedules not initiated by me, terrible communication, and when I complained was treated dismissively. Would give zero stars if I could."",2025-11-24,Boston"
"RESP_116,7,""Solid experience overall. Nothing went wrong but nothing particularly stood out either. Good baseline preventive care."",2025-11-24,Chicago"
"RESP_117,4,""Facility was dated and uncomfortable. For a premium service expected better amenities. Scan itself was fine but overall experience disappointing."",2025-11-23,Miami"
"RESP_118,10,""Incredible service from beginning to end. The insights from my scan are genuinely life-changing. Cannot thank the team enough for their expertise and care."",2025-11-23,Seattle"
"RESP_119,6,""Decent scan, decent service. Nothing special but also no major problems. Does what it says on the tin."",2025-11-22,Austin"
"RESP_120,8,""Very good experience overall. Staff was knowledgeable and caring. Few administrative hiccups but nothing that significantly impacted my experience."",2025-11-22,New York"
"RESP_121,3,""Tried to ask questions before my scan about what to expect. Sent two emails, left one voicemail. Never heard back. Went in blind which was stressful."",2025-11-21,San Francisco"
"RESP_122,9,""Fantastic experience. The level of detail in my results report was incredible. Feel like I have a real roadmap for my health now."",2025-11-21,Denver"
"RESP_123,5,""Scan was fine. Everything else was mediocre. For what you pay, expected white-glove service. Got average healthcare experience."",2025-11-20,Los Angeles"
"RESP_124,10,""Best decision I've made for my health. The scan found something important that would have gone undetected. The team's expertise is unmatched."",2025-11-20,Toronto"
"RESP_125,2,""Had concerning finding in my results. Took 4 days to get someone to discuss it with me despite marking messages as urgent. Unacceptable for health matters."",2025-11-19,London"
"RESP_126,7,""Good solid experience. Nothing exceptional but no major complaints. Would use again for annual checkup."",2025-11-19,Boston"
"RESP_127,4,""Website is confusing, booking process is clunky, confirmation emails are unclear. The actual scan was fine but getting there was unnecessarily difficult."",2025-11-18,Chicago"
"RESP_128,9,""Excellent from every angle. Professional, thorough, responsive. This is what healthcare should look like in 2025."",2025-11-18,Miami"
"RESP_129,6,""Adequate experience. Nothing wrong per se but also nothing that made me feel like I got exceptional value for the premium price."",2025-11-17,Seattle"
"RESP_130,10,""Cannot recommend highly enough. Life-changing insights, world-class expertise, genuinely caring staff. This is preventive medicine at its finest."",2025-11-17,Austin"
"RESP_131,3,""Got to facility for my appointment. They couldn't find my paperwork. Spent 30 minutes sorting it out while waiting room backed up. Poor systems."",2025-11-16,New York"
"RESP_132,8,""Very pleased with the experience. Scan was comprehensive, results were detailed, staff was professional. Minor issues with appointment timing but overall great."",2025-11-16,San Francisco"
"RESP_133,5,""Results were good but took longer than promised. Communication about delays was non-existent. Had to keep following up to get updates."",2025-11-15,Denver"
"RESP_134,9,""Impressed on all fronts. The technology, the expertise, the service. This is exactly what I was hoping for in preventive care."",2025-11-15,Los Angeles"
"RESP_135,1,""Cancellation policy is draconian. Had legitimate emergency and was still charged full fee. No humanity in their policies. Will not return."",2025-11-14,Toronto"
"RESP_136,7,""Generally good experience. Scan was thorough and professional. Some communication gaps but nothing that ruined the overall experience."",2025-11-14,London"
"RESP_137,4,""Expected concierge service based on marketing. Got standard healthcare experience with some nice touches. Not worth the premium price in my opinion."",2025-11-13,Boston"
"RESP_138,10,""Perfect experience from first contact to final follow-up. The scan potentially saved my life by catching something early. Forever grateful."",2025-11-13,Chicago"
"RESP_139,6,""Okay experience overall. Scan was done well, results were comprehensive. Service was just average though - nothing particularly memorable."",2025-11-12,Miami"
"RESP_140,8,""Really good experience with minor administrative hiccups. The medical side was excellent - professional, thorough, and caring staff."",2025-11-12,Seattle"
"RESP_141,3,""Portal for accessing results is terrible. Confusing interface, kept getting logged out, couldn't find what I needed. Very frustrating user experience."",2025-11-11,Austin"
"RESP_142,9,""Outstanding service. Every interaction was professional and helpful. The scan quality and results delivery exceeded my expectations."",2025-11-11,New York"
"RESP_143,5,""Scan itself was good but overall experience was just okay. Too many small annoyances and communication issues to feel great about the value."",2025-11-10,San Francisco"
"RESP_144,10,""This is what healthcare should be. Preventive, thorough, professional, and caring. The insights I gained are invaluable. Highly recommend."",2025-11-10,Denver"
"RESP_145,2,""Tried to get answers to billing questions for three weeks. Multiple calls, multiple emails, zero response. Finally had to dispute with insurance."",2025-11-09,Los Angeles"
"RESP_146,7,""Good experience with some rough edges. The core service - the scan - was excellent. Administrative processes need improvement."",2025-11-09,Toronto"
"RESP_147,4,""Prep instructions were confusing and contradictory. Got different information from website vs email vs phone. Made me anxious before scan."",2025-11-08,London"
"RESP_148,9,""Phenomenal experience. The team's expertise and the quality of the scan gave me real peace of mind about my health. Worth every dollar."",2025-11-08,Boston"
"RESP_149,6,""Decent but not amazing. Scan was fine, staff was competent. For premium pricing expected more premium experience throughout."",2025-11-07,Chicago"
"RESP_150,10,""Absolutely exceptional. From booking to results to follow-up, everything was flawless. This is the gold standard for preventive healthcare."",2025-11-07,Miami"
"RESP_151,3,""Scheduled scan at a facility 30 minutes away. Day before got email saying it was moved to facility 90 minutes away. No apology or explanation."",2025-11-06,Seattle"
"RESP_152,8,""Very satisfied with the experience. Professional staff, thorough scan, detailed results. Minor scheduling issues but nothing major."",2025-11-06,Austin"
"RESP_153,5,""Middle of the road. Nothing went terribly wrong but nothing impressed me either. Felt like a transaction more than healthcare."",2025-11-05,New York"
"RESP_154,9,""Excellent experience from start to finish. The scan found something important and the team's follow-up care has been outstanding."",2025-11-05,San Francisco"
"RESP_155,1,""Showed up for appointment that was supposedly confirmed. They had cancelled it without telling me. Lost entire afternoon and never got apology."",2025-11-04,Denver"
"RESP_156,7,""Pretty good overall. Few bumps in the road but the core medical service was solid. Would probably use again."",2025-11-04,Los Angeles"
"RESP_157,4,""For the price paid, expected much better customer service. Multiple touch points where communication failed. Scan itself was fine."",2025-11-03,Toronto"
"RESP_158,10,""Life-changing experience. The preventive insights and early detection are priceless. The team's expertise and care were exceptional."",2025-11-03,London"
"RESP_159,6,""Fine but unremarkable. Got what I paid for but nothing more. Solid preventive scan without the premium service experience."",2025-11-02,Boston"
"RESP_160,8,""Really positive experience overall. Some minor administrative issues but the medical care and scan quality were excellent."",2025-11-02,Chicago"
"RESP_161,3,""Communication is the worst part. Questions go unanswered, updates are delayed, have to chase for basic information. Very frustrating."",2025-11-01,Miami"
"RESP_162,9,""Impressed with every aspect. Professional, thorough, responsive. This is exactly what preventive healthcare should look like."",2025-11-01,Seattle"
"RESP_163,5,""Scan was good. Everything else was just okay. Expected more for the premium price point. Felt like paying luxury for economy service."",2025-10-31,Austin"
"RESP_164,10,""Cannot say enough good things. The scan, the team, the care - all exceptional. Best healthcare investment I've made."",2025-10-31,New York"
"RESP_165,2,""Billing was a nightmare. Charges didn't match quote, insurance submission was wrong, took months to sort out. Still not fully resolved."",2025-10-30,San Francisco"
"RESP_166,7,""Good experience with some hiccups. Scan quality was excellent, staff was professional. Booking and scheduling processes could improve."",2025-10-30,Denver"
"RESP_167,4,""Results portal is buggy and difficult to use. Had technical issues accessing my reports. For a tech-forward company this is disappointing."",2025-10-29,Los Angeles"
"RESP_168,9,""Outstanding experience. The thoroughness of the scan and the expertise of the medical team gave me incredible insights into my health."",2025-10-29,Toronto"
"RESP_169,6,""Adequate service. Nothing special but got the job done. Scan was professional, results were delivered, but overall experience was forgettable."",2025-10-28,London"
"RESP_170,10,""Perfect experience in every way. Professional, caring, thorough. This is preventive medicine at the highest level. Absolutely recommend."",2025-10-28,Boston"
"RESP_171,3,""Tried to reach Care team about results question for a week. Multiple attempts through different channels. Finally got generic unhelpful response."",2025-10-27,Chicago"
"RESP_172,8,""Very good experience overall. Professional service, quality scan, detailed results. Some communication delays but nothing that significantly impacted things."",2025-10-27,Miami"
"RESP_173,5,""Scan itself was good but customer experience needs work. Too many administrative issues and communication gaps for the premium price."",2025-10-26,Seattle"
"RESP_174,9,""Excellent service from beginning to end. The scan quality and medical expertise are top-notch. Minor scheduling issues but overall very satisfied."",2025-10-26,Austin"
"RESP_175,1,""Absolute mess from start to finish. Booking problems, rescheduling without notice, results delayed, customer service non-responsive. Would not recommend."",2025-10-25,New York"
"RESP_176,7,""Decent experience overall. Nothing exceptional but solid service. Scan was thorough and staff was professional."",2025-10-25,San Francisco"
"RESP_177,4,""Lots of small issues that added up. Booking glitches, unclear communication, delayed results. Scan itself was fine but overall experience disappointing."",2025-10-24,Denver"
"RESP_178,10,""Incredible experience. The insights from the scan are genuinely valuable and the team's care throughout the process was exceptional."",2025-10-24,Los Angeles"
"RESP_179,6,""Okay but not great. Scan was professional, results were delivered. Overall experience was just average despite premium positioning."",2025-10-23,Toronto"
"RESP_180,8,""Really pleased with the experience. Some minor issues but the core service was excellent. Professional staff and thorough scan."",2025-10-23,London"
"RESP_181,3,""Website says 'rapid response to questions' but I've been waiting 5 days for answer to simple scheduling question. False advertising."",2025-10-22,Boston"
"RESP_182,9,""Phenomenal service. The scan technology is cutting-edge and the medical team's expertise is evident. Very impressed overall."",2025-10-22,Chicago"
"RESP_183,5,""Mixed bag. Good scan quality but too many operational issues to feel good about the overall value. Customer service needs improvement."",2025-10-21,Miami"
"RESP_184,10,""Best healthcare decision I've ever made. The scan found something important early and the care throughout has been exceptional."",2025-10-21,Seattle"
"RESP_185,2,""Confirmed appointment three times. Still got cancelled day-of due to 'system error.' No alternative offered. Completely unprofessional."",2025-10-20,Austin"
"RESP_186,7,""Good solid experience. Nothing spectacular but no major complaints. Professional service and quality scan."",2025-10-20,New York"
"RESP_187,4,""Expected premium service based on pricing. Got average healthcare experience with premium price tag. Not enough differentiation to justify cost."",2025-10-19,San Francisco"
"RESP_188,9,""Excellent from every perspective. Professional, thorough, responsive. This is what modern preventive healthcare should be."",2025-10-19,Denver"
"RESP_189,6,""Fine but nothing special. Scan was done professionally, got results on time. Overall experience was just okay for the price."",2025-10-18,Los Angeles"
"RESP_190,10,""Cannot recommend highly enough. The scan, the expertise, the care - all world-class. This is healthcare innovation done right."",2025-10-18,Toronto"
"RESP_191,3,""Follow-up communication is terrible. Have questions about my results but can't get anyone to respond. Very frustrating experience."",2025-10-17,London"
"RESP_192,8,""Very satisfied overall. Professional service, quality scan, detailed results. Some minor issues but nothing that ruined the experience."",2025-10-17,Boston"
"RESP_193,5,""Scan was good but everything around it was mediocre. For premium price expected premium experience throughout. Got average."",2025-10-16,Chicago"
"RESP_194,9,""Outstanding experience. The preventive insights and expert care exceeded my expectations. Highly recommend for anyone serious about their health."",2025-10-16,Miami"
"RESP_195,1,""Customer service is non-existent. Multiple issues throughout process, zero accountability, no one takes ownership. Worst healthcare experience I've had."",2025-10-15,Seattle"
"RESP_196,7,""Pretty good experience. Scan was thorough, staff was professional. Some administrative hiccups but overall positive."",2025-10-15,Austin"
"RESP_197,4,""Too many issues to overlook. Booking problems, communication gaps, unclear billing. Scan was fine but overall experience was frustrating."",2025-10-14,New York"
"RESP_198,10,""Perfect in every way. This is preventive healthcare at its absolute best. The expertise and care are unmatched."",2025-10-14,San Francisco"
"RESP_199,6,""Adequate but not exceptional. Got the scan done, received results. Nothing particularly memorable about the experience."",2025-10-13,Denver"
"RESP_200,8,""Really good experience with some minor issues. The scan quality and medical expertise were excellent. Would recommend."",2025-10-13,Los Angeles"
"RESP_201,3,""Appointment scheduling is a nightmare. System shows availability that doesn't exist. Wasted hours trying to book."",2025-10-12,Toronto"
"RESP_202,9,""Excellent service throughout. Professional, caring, thorough. The scan insights are valuable and the team's expertise is clear."",2025-10-12,London"
"RESP_203,5,""Middle of the road experience. Nothing terrible but nothing great. For premium price expected more premium service."",2025-10-11,Boston"
"RESP_204,10,""Absolutely exceptional. The scan found something important and the follow-up care has been outstanding. This service is invaluable."",2025-10-11,Chicago"
"RESP_205,2,""Results were delayed by three weeks with no explanation. When I inquired was given vague answers. Very poor communication."",2025-10-10,Miami"
"RESP_206,7,""Decent experience overall. Scan was professional, staff was knowledgeable. Some operational issues but nothing major."",2025-10-10,Seattle"
"RESP_207,4,""Customer experience doesn't match the premium positioning. Too many friction points and communication failures."",2025-10-09,Austin"
"RESP_208,9,""Phenomenal experience. The technology, expertise, and care all exceeded expectations. This is healthcare done right."",2025-10-09,New York"
"RESP_209,6,""Fine service overall. Scan was done well, results were comprehensive. Overall experience was just average though."",2025-10-08,San Francisco"
"RESP_210,10,""Best preventive health decision I could have made. The insights are invaluable and the team's care has been exceptional."",2025-10-08,Denver"
"RESP_211,3,""Portal issues made it impossible to complete pre-scan paperwork online. Had to do everything on paper at facility. Very inefficient."",2025-10-07,Los Angeles"
"RESP_212,8,""Very pleased with the experience. Professional service, thorough scan, detailed results. Few minor issues but overall excellent."",2025-10-07,Toronto"
"RESP_213,5,""Scan quality seems good but operational execution needs major improvement. Too many small issues that added up."",2025-10-06,London"
"RESP_214,9,""Outstanding from start to finish. The scan technology is impressive and the medical team's expertise is evident throughout."",2025-10-06,Boston"
"RESP_215,1,""Tried to resolve billing issue for two months. Passed between departments, never got resolution. Finally had to involve lawyer."",2025-10-05,Chicago"
"RESP_216,7,""Good experience overall. Nothing spectacular but solid service. Scan was thorough and professional."",2025-10-05,Miami"
"RESP_217,4,""For what I paid expected much better experience. Scan was fine but everything else was average at best."",2025-10-04,Seattle"
"RESP_218,10,""Incredible service. The preventive insights and expert medical care are exactly what healthcare should be. Cannot recommend enough."",2025-10-04,Austin"
"RESP_219,6,""Okay experience. Nothing particularly good or bad. Got the scan done, received results. That's about it."",2025-10-03,New York"
"RESP_220,8,""Really good experience with minor hiccups. The core medical service was excellent, just some administrative issues."",2025-10-03,San Francisco"
"RESP_221,3,""Communication about appointment changes is terrible. Got notified of reschedule via email I rarely check, day before appointment."",2025-10-02,Denver"
"RESP_222,9,""Excellent experience overall. Professional, thorough, responsive. This is preventive medicine at a high level."",2025-10-02,Los Angeles"
"RESP_223,5,""Scan was good but customer service was lacking. For premium price expected premium service throughout the journey."",2025-10-01,Toronto"
"RESP_224,10,""Perfect experience. The scan, the care, the follow-up - all exceptional. This is exactly what preventive healthcare should be."",2025-10-01,London"
"RESP_225,2,""Facility was dirty and poorly maintained. For premium health service this is unacceptable. Scan may have been fine but environment was not."",2025-09-30,Boston"
"RESP_226,7,""Decent experience. Professional staff, quality scan. Some communication gaps but overall positive."",2025-09-30,Chicago"
"RESP_227,4,""Lots of small failures that eroded confidence. Booking issues, scheduling problems, delayed results. Scan itself was okay."",2025-09-29,Miami"
"RESP_228,9,""Outstanding service. The technology is cutting-edge and the medical expertise is world-class. Very impressed."",2025-09-29,Seattle"
"RESP_229,6,""Average experience for above-average price. Scan was done professionally but nothing about the experience justified the premium."",2025-09-28,Austin"
"RESP_230,10,""Cannot say enough positive things. The scan potentially saved my life and the team's care has been exceptional throughout."",2025-09-28,New York"
"RESP_231,3,""Had to call five times to get answer to simple question about my results. Each time was told someone would call back. No one ever did."",2025-09-27,San Francisco"
"RESP_232,8,""Very good experience. Some minor operational issues but the scan quality and medical care were excellent."",2025-09-27,Denver"
"RESP_233,5,""Mediocre experience overall. Nothing went terribly wrong but nothing impressed me either. Expected more."",2025-09-26,Los Angeles"
"RESP_234,9,""Excellent service from beginning to end. The scan insights are valuable and the team's expertise is clear throughout."",2025-09-26,Toronto"
"RESP_235,1,""Worst customer service I've experienced in healthcare. Problems at every turn, zero accountability, dismissive responses to complaints."",2025-09-25,London"
"RESP_236,7,""Solid experience. Nothing amazing but no major complaints. Professional service and quality scan."",2025-09-25,Boston"
"RESP_237,4,""Too many operational failures to recommend. Scan itself was fine but getting there was unnecessarily difficult and frustrating."",2025-09-24,Chicago"
"RESP_238,10,""Absolutely phenomenal. This is what healthcare looks like when done right. The expertise and care are unmatched."",2025-09-24,Miami"
"RESP_239,6,""Fine but unremarkable. Scan was professional, results were delivered. Nothing particularly special about the experience."",2025-09-23,Seattle"
"RESP_240,8,""Really pleased with the overall experience. Professional service, thorough scan, helpful staff. Some minor issues but very satisfied."",2025-09-23,Austin"
"RESP_241,3,""Booking system is broken. Multiple attempts to schedule, all failed. Finally had to call and spend 45 minutes on hold."",2025-09-22,New York"
"RESP_242,9,""Excellent experience. The scan technology and medical expertise exceeded my expectations. This is preventive care done right."",2025-09-22,San Francisco"
"RESP_243,5,""Scan was good, everything else was just okay. For premium pricing expected premium experience. Got average."",2025-09-21,Denver"
"RESP_244,10,""Perfect from start to finish. The scan, the team, the care - all world-class. Best healthcare investment I've made."",2025-09-21,Los Angeles"
"RESP_245,2,""Results took a month despite being told two weeks. Multiple follow-ups ignored. Finally got them but trust is broken."",2025-09-20,Toronto"
"RESP_246,7,""Good experience with some issues. Scan was thorough and professional. Administrative side needs improvement."",2025-09-20,London"
"RESP_247,4,""Expected white-glove service for premium price. Got standard healthcare experience with extra steps."",2025-09-19,Boston"
"RESP_248,9,""Outstanding from every angle. Professional, caring, thorough. This is exactly what preventive healthcare should be."",2025-09-19,Chicago"
"RESP_249,6,""Adequate but not exceptional. Scan was done well, results delivered. Overall experience was forgettable."",2025-09-18,Miami"
"RESP_250,10,""Cannot recommend highly enough. The scan insights are invaluable and the team's expertise and care are exceptional."",2025-09-18,Seattle"
"RESP_251,2,""The Dallas location is extremely backed up. Earliest appointment I could get was 8 weeks out. Website advertised immediate availability - complete false advertising. For preventive care that's supposed to catch things early, 2 months is ridiculous."",2025-09-17,Dallas"
"RESP_252,4,""Staff at the Phoenix facility had no idea what PreventativeScan even is. They kept asking me what kind of scan I was there for. I had to show them my confirmation email. Made me nervous about whether they knew what they were doing."",2025-09-17,Phoenix"
"RESP_253,8,""Smooth process overall. Appreciate how quickly I could get scheduled."",2025-09-16,Seattle"
"RESP_254,1,""Showed up for my 2pm appointment. They had me down for 2pm THE NEXT DAY. I triple checked my confirmation email - it clearly said today at 2pm. They insisted their system was right. I drove 45 minutes for nothing."",2025-09-16,Atlanta"
"RESP_255,9,""Excellent care from start to finish."",2025-09-15,Chicago"
"RESP_256,3,""When I arrived at the Miami location the lobby had trash overflowing from the waste bins and the bathroom was disgusting. For a premium healthcare service charging thousands of dollars, this is completely unacceptable. Made me question their standards."",2025-09-15,Miami"
"RESP_257,6,""Decent experience but nothing special."",2025-09-14,Boston"
"RESP_258,2,""There is NO customer support phone number to call when you have issues at the facility. I had a problem checking in and the front desk couldn't help. They said I had to email support and wait for a response. I needed help right then!"",2025-09-14,Houston"
"RESP_259,10,""Best preventive health investment I've made. Team was exceptional."",2025-09-13,San Francisco"
"RESP_260,4,""Paid for my scan in full when I booked online. When I showed up at the facility they tried to charge me again! Took 20 minutes to sort out and they acted like I was the problem. Check your payment systems."",2025-09-13,Seattle"
"RESP_261,7,"""",2025-09-12,Denver"
"RESP_262,5,""The pre-scan emails are completely confusing. One email said to fast for 12 hours, another said 6 hours, another said no fasting needed. I called to clarify and was told something different again. Get your communication straight."",2025-09-12,Portland"
"RESP_263,9,""Very thorough and professional throughout."",2025-09-11,Atlanta"
"RESP_264,3,""I was told my scan would screen for cancer, heart disease, and aneurysms. After getting my results I found out it doesn't actually screen for certain cancers I thought were included. This is not what was marketed to me when I signed up."",2025-09-11,New York"
"RESP_265,8,""Satisfied with the experience overall. Good value."",2025-09-10,Chicago"
"RESP_266,1,""Still waiting for the partial refund I was promised 6 weeks ago. I've sent 4 emails and left 3 voicemails. Complete radio silence. This is theft at this point."",2025-09-10,Los Angeles"
"RESP_267,10,"""",2025-09-09,Boston"
"RESP_268,4,""Staff at the San Diego location were rude and dismissive. When I asked questions about the procedure they acted annoyed. One tech rolled her eyes when I said I was nervous. Completely unprofessional."",2025-09-09,San Diego"
"RESP_269,7,""Solid preventive care option. Would use again."",2025-09-08,Miami"
"RESP_270,2,""The Boston location is absolutely overbooked. I've been trying to get an appointment for 10 weeks now. Every time I check the portal it says 'no availability for 8+ weeks.' If you're this backed up you need to stop taking new members."",2025-09-08,Boston"
"RESP_271,9,""Impressed with the technology and care. Highly recommend."",2025-09-07,Seattle"
"RESP_272,5,""Customer support is extremely slow to respond. I emailed a question about my scan 5 days ago. Nothing. Called and left a voicemail 3 days ago. Nothing. This is not the 'concierge service' you advertise."",2025-09-07,Austin"
"RESP_273,8,"""",2025-09-06,San Francisco"
"RESP_274,3,""After my scan I never got my results report. It's been 3 weeks and I've followed up 4 times. Each time I'm told 'we'll look into it' but nothing happens. I paid $2500 for a scan I can't even see the results of."",2025-09-06,Chicago"
"RESP_275,10,""Exceptional service from beginning to end. Worth every penny."",2025-09-05,New York"
"RESP_276,6,""Nothing remarkable either way. Just okay."",2025-09-05,Denver"
"RESP_277,4,""Website said I'd get my results in 7-10 business days. It's been 4 weeks and still waiting. When I email to check status I get generic responses saying 'still processing.' This is unacceptable for health information."",2025-09-04,Portland"
"RESP_278,9,""Very satisfied with everything. Professional and thorough."",2025-09-04,Los Angeles"
"RESP_279,2,""The technician at the Houston location didn't seem to know what PreventativeScan was. She kept asking me what my doctor ordered. I had to explain this is a self-referred preventive screening. She seemed confused the whole time."",2025-09-03,Houston"
"RESP_280,7,""Good experience. A few minor issues but overall fine."",2025-09-03,Boston"
"RESP_281,5,""Honestly I still don't understand what the scan is actually screening for. The marketing materials are vague and the staff couldn't clearly explain it either. I had the scan but I'm not even sure what I'm supposed to be looking for in my results."",2025-09-02,Miami"
"RESP_282,10,"""",2025-09-02,Seattle"
"RESP_283,3,""When there was an issue with my scan at the facility, there was no phone number to call for immediate help. The facility staff said they couldn't contact PreventativeScan support either. We're all just supposed to email and wait? That's insane."",2025-09-01,Atlanta"
"RESP_284,8,""Pleased with the quality of care. Would recommend to others."",2025-09-01,San Francisco"
"RESP_285,4,""The confirmation email I got had a different date than what was in my account portal. I called to clarify and the person on the phone gave me a third different date! Nobody seems to have accurate information."",2026-01-31,Phoenix"
"RESP_286,9,""Great preventive care service. Very impressed overall."",2026-01-31,Chicago"
"RESP_287,1,""The Miami location's waiting room is disgusting. There was old food trash on the floor, magazines from 2019, and the bathroom looked like it hadn't been cleaned in weeks. For $2500 I expect basic cleanliness."",2026-01-30,Miami"
"RESP_288,6,""Average experience. Nothing particularly good or bad."",2026-01-30,Denver"
"RESP_289,3,""Staff were unfriendly and seemed bothered by my questions. I'm paying a premium price - the least you can do is be pleasant."",2026-01-29,Dallas"
"RESP_290,10,""Perfect from start to finish. Cannot recommend enough."",2026-01-29,Boston"
"RESP_291,5,""The scheduling system said appointments were available in 2 weeks when I booked. After I paid, suddenly no availability for 8 weeks. Feels like a bait and switch."",2026-01-28,Seattle"
"RESP_292,8,"""",2026-01-28,Los Angeles"
"RESP_293,2,""Was promised a refund for a cancelled appointment. That was 2 months ago. Still haven't received it despite multiple follow-ups. This is completely unacceptable."",2026-01-27,New York"
"RESP_294,7,""Decent service overall. Met my expectations."",2026-01-27,Portland"
"RESP_295,4,""The pre-appointment email said to arrive 15 minutes early. Another email said 30 minutes early. The confirmation text said 10 minutes early. Which is it?! Your communication is a mess."",2026-01-26,Austin"
"RESP_296,9,""Excellent experience. The team was knowledgeable and caring."",2026-01-26,San Francisco"
"RESP_297,6,""Okay but not worth the premium price in my opinion."",2026-01-25,Chicago"
"RESP_298,1,""Paid for my scan online weeks ago. Showed up for my appointment and they said I hadn't paid and tried to charge me again. Had to show them my bank statement and credit card statement. Still took 30 minutes to resolve. Your billing system is broken."",2026-01-25,San Diego"
"RESP_299,10,"""",2026-01-24,Boston"
"RESP_300,3,""The scan detected something concerning and I needed to discuss it with someone immediately. There's no emergency phone number. I had to email and wait 2 days for a response. For urgent medical findings this is dangerous."",2026-01-24,Miami"
"RESP_301,8,""Very good experience. Professional and efficient throughout."",2026-01-23,Seattle"
"RESP_302,5,""I thought this scan would screen for all major cancers based on your marketing. Found out after my scan it only covers certain ones. Feel misled about what I was paying for."",2026-01-23,Denver"
"RESP_303,9,""Highly recommend. Great preventive care service."",2026-01-22,Los Angeles"
"RESP_304,2,""Appointment was supposed to be at 10am on Tuesday. Got a reminder text for 10am on Wednesday. Showed up Tuesday and they said I was scheduled for Wednesday. My confirmation email clearly said Tuesday. This is ridiculous."",2026-01-22,Phoenix"
"RESP_305,7,"""",2026-01-21,Atlanta"
"RESP_306,4,""The Dallas location is completely backed up. I've been trying to get an appointment for 9 weeks. At this point I'm looking at other providers. If you can't handle the volume, stop accepting new patients."",2026-01-21,Dallas"
"RESP_307,10,""Outstanding care and service throughout. Very satisfied."",2026-01-20,San Francisco"
"RESP_308,6,""Fine but nothing exceptional for the price point."",2026-01-20,Chicago"
"RESP_309,3,""Customer support takes forever to respond. Simple questions take 5-7 days to get answered. Unacceptable for a premium service."",2026-01-19,Houston"
"RESP_310,9,"""",2026-01-19,Boston"
"RESP_311,1,""The facility staff had never heard of PreventativeScan. They kept asking if I had a doctor's referral. I explained multiple times this is a self-pay preventive service. They seemed completely lost. How do you partner with facilities that don't even know who you are?"",2026-01-18,Portland"
"RESP_312,8,""Good solid experience. Would use again."",2026-01-18,Seattle"
"RESP_313,5,""Results took 5 weeks instead of the promised 10 days. Every time I followed up I got vague 'still processing' responses. Be honest about timelines."",2026-01-17,Miami"
"RESP_314,10,""Exceptional service from the team. Highly recommend."",2026-01-17,New York"
"RESP_315,4,""The pre-scan communication is terrible. Multiple conflicting emails about what to do, what to bring, how to prepare. I showed up not knowing if I'd done the right prep."",2026-01-16,Austin"
"RESP_316,7,""Decent experience overall. No major issues."",2026-01-16,Los Angeles"
"RESP_317,2,""Miami location waiting room is filthy. Overflowing trash, stained furniture, dirty floors. This does not inspire confidence in your standards for a medical facility."",2026-01-15,Miami"
"RESP_318,9,""Very impressed with the care and professionalism throughout."",2026-01-15,San Francisco"
"RESP_319,6,"""",2026-01-14,Denver"
"RESP_320,3,""Was told I'd receive a partial refund for a service issue. That was 8 weeks ago. No refund, no response to my follow-ups. Starting to think this was a lie."",2026-01-14,San Diego"
"RESP_321,10,""Perfect experience in every way. Worth every dollar."",2026-01-13,Chicago"
"RESP_322,5,""I still don't understand what parts of my body were actually scanned. The information provided is vague and when I asked questions the staff couldn't clearly explain it."",2026-01-13,Seattle"
"RESP_323,8,"""",2026-01-12,Boston"
"RESP_324,4,""Site made me pay again when I checked in even though I'd already paid online. Took forever to sort out and they acted like it was my fault. Fix your payment system."",2026-01-12,Phoenix"
"RESP_325,9,""Excellent care. Very satisfied with everything."",2026-01-11,Los Angeles"
"RESP_326,2,""No phone support when you need immediate help at the facility is absolutely insane. I had an issue checking in and we all just had to stand around waiting for email responses. Useless."",2026-01-11,Houston"
"RESP_327,7,""Good experience. Would recommend with minor reservations."",2026-01-10,Atlanta"
"RESP_328,6,""Nothing special but got the job done."",2026-01-10,Portland"
"RESP_329,1,""Staff at San Diego location were incredibly rude. One person made comments about how long my questions were taking. Another sighed heavily when I asked to clarify something. Terrible customer service."",2026-01-09,San Diego"
"RESP_330,10,"""",2026-01-09,San Francisco"
"RESP_331,3,""Boston location is impossible to book. Eight weeks out and still no availability. This is not what was promised when I signed up."",2026-01-08,Boston"
"RESP_332,8,""Very good experience overall. Professional and thorough."",2026-01-08,Seattle"
"RESP_333,5,""Customer support response time is unacceptably slow. Waited 6 days for a response to an urgent question about my results."",2026-01-07,Miami"
"RESP_334,9,"""",2026-01-07,Denver"
"RESP_335,4,""Confirmation email had me scheduled for 3pm. Portal said 1pm. Actual appointment in their system was 2pm. Nobody can get basic information right."",2026-01-06,Dallas"
"RESP_336,10,""Outstanding from beginning to end. Cannot fault anything."",2026-01-06,New York"
"RESP_337,2,""The marketing materials implied this would screen for far more conditions than it actually does. Feel like I was sold something different than what I received."",2026-01-05,Chicago"
"RESP_338,7,""Solid experience. Met expectations."",2026-01-05,Los Angeles"
"RESP_339,6,"""",2026-01-04,Austin"
"RESP_340,3,""Results are 4 weeks late. Every follow-up email gets the same generic 'still processing' response. This is health information - delays are unacceptable."",2026-01-04,Phoenix"
"RESP_341,9,""Very satisfied with the service and care received."",2026-01-03,San Francisco"
"RESP_342,5,""Staff at Houston location seemed completely unfamiliar with PreventativeScan protocols. Kept asking questions they should have known the answers to."",2026-01-03,Houston"
"RESP_343,8,""Good experience overall. Would use again."",2026-01-02,Seattle"
"RESP_344,1,""Promised a refund 3 months ago. Still haven't received it despite sending 8 follow-up emails. This is stealing at this point."",2026-01-02,Portland"
"RESP_345,10,"""",2026-01-01,Boston"
"RESP_346,4,""The emails about appointment preparation are contradictory and confusing. Show up and hope for the best I guess."",2026-01-01,Miami"
"RESP_347,7,""Decent enough. No major complaints."",2025-07-31,Atlanta"
"RESP_348,6,""Average experience for above-average price."",2025-07-31,Denver"
"RESP_349,2,""When my scan showed something concerning I needed urgent guidance. No phone number to call. Had to email and wait 48 hours while I was panicking. Unacceptable."",2025-07-30,San Diego"
"RESP_350,9,""Excellent service throughout. Very impressed."",2025-07-30,Chicago"
"RESP_351,3,""Dallas location completely overrun. No appointments for 10+ weeks. If you're this backed up, hire more staff or stop taking patients."",2025-07-29,Dallas"
"RESP_352,10,""Perfect experience. Would highly recommend to anyone."",2025-07-29,San Francisco"
"RESP_353,5,""Paid online, got confirmation, but site still tried to charge me again in person. Billing system is broken."",2025-07-28,Los Angeles"
"RESP_354,8,"""",2025-07-28,Seattle"
"RESP_355,4,""Staff were unfriendly bordering on hostile. Made me feel like I was inconveniencing them by being there."",2025-07-27,Phoenix"
"RESP_356,9,""Very good care and service. Highly recommend."",2025-07-27,Boston"
"RESP_357,2,""Miami waiting room is disgusting. Trash everywhere, furniture torn and stained. Completely unacceptable for a healthcare facility."",2025-07-26,Miami"
"RESP_358,7,""Good enough. Would probably use again."",2025-07-26,Austin"
"RESP_359,6,"""",2025-07-25,Portland"
"RESP_360,1,""The facility techs didn't know what PreventativeScan is or why I was there. Had to explain the entire concept to them. How do you partner with facilities that aren't trained on your service?"",2025-07-25,Houston"
"RESP_361,10,""Outstanding in every way. Best healthcare experience I've had."",2025-07-24,San Francisco"
"RESP_362,3,""Still waiting for results after 5 weeks. Told 7-10 days. Every inquiry gets a generic 'processing' response with no real update."",2025-07-24,Seattle"
"RESP_363,8,""Satisfied overall. Professional experience."",2025-07-23,Chicago"
"RESP_364,5,""Not clear what the scan actually covers. Marketing seems misleading about what conditions are actually screened for."",2025-07-23,Denver"
"RESP_365,9,"""",2025-07-22,New York"
"RESP_366,4,""Customer support is incredibly slow. Simple questions take a week to get answered. For premium service this is unacceptable."",2025-07-22,Los Angeles"
"RESP_367,7,""Decent experience. Nothing special but no major issues."",2025-07-21,Boston"
"RESP_368,2,""My appointment confirmation said Tuesday at 2pm. Showed up and they had me down for Wednesday at 10am. Complete system failure."",2025-07-21,San Diego"
"RESP_369,10,"""",2025-07-20,San Francisco"
"RESP_370,6,""Okay but not worth the premium price tag."",2025-07-20,Atlanta"
"RESP_371,3,""Earliest appointment in Boston is 9 weeks away. Website said immediate availability when I signed up. Bait and switch."",2025-07-19,Boston"
"RESP_372,9,""Excellent throughout. Very impressed with the care."",2025-07-19,Seattle"
"RESP_373,5,""Pre-appointment emails are confusing and contradictory. Different instructions from different sources."",2025-07-18,Miami"
"RESP_374,8,"""",2025-07-18,Austin"
"RESP_375,1,""No customer support phone line is absurd. When I had an issue at the facility nobody could help because there's no way to contact support in real-time."",2025-07-17,Phoenix"
"RESP_376,10,""Perfect from start to finish. Highly recommend."",2025-07-17,Chicago"
"RESP_377,4,""Staff at location were rude and dismissive of my concerns. Terrible customer service for premium pricing."",2025-07-16,Dallas"
"RESP_378,7,""Good solid experience. Would use again."",2025-07-16,Portland"
"RESP_379,6,"""",2025-07-15,Denver"
"RESP_380,2,""Website charged me twice for my scan. Been trying to get refund for one payment for 6 weeks. Multiple emails ignored."",2025-07-15,Houston"
"RESP_381,9,""Very satisfied with everything. Professional and thorough."",2025-07-14,San Francisco"
"RESP_382,3,""The facility waiting area in Miami is filthy. Trash overflowing, dirty surfaces. Not acceptable for healthcare."",2025-07-14,Miami"
"RESP_383,8,""Good experience overall. Would recommend."",2025-07-13,Los Angeles"
"RESP_384,5,""Results took 4 weeks instead of promised 10 days. When I follow up, get generic responses with no real information."",2025-07-13,Seattle"
"RESP_385,10,"""",2025-07-12,Boston"
"RESP_386,4,""I don't think the facility staff are trained on what PreventativeScan is. They seemed confused about the whole process."",2025-07-12,San Diego"
"RESP_387,7,""Decent enough. No major issues to report."",2025-07-11,Chicago"
"RESP_388,6,""Nothing remarkable. Average experience."",2025-07-11,Atlanta"
"RESP_389,1,""Marketing materials were misleading about what the scan actually screens for. Discovered after paying that it covers much less than implied."",2025-07-10,Phoenix"
"RESP_390,9,""Excellent care and service throughout. Very impressed."",2025-07-10,New York"
"RESP_391,3,""Dallas location completely booked out 10+ weeks. Can't get an appointment anywhere near when I need it."",2025-07-09,Dallas"
"RESP_392,8,"""",2025-07-09,San Francisco"
"RESP_393,5,""Confirmation email said one date, portal said another, facility had me down for a third date. Complete mess."",2025-07-08,Austin"
"RESP_394,10,""Outstanding experience in every way. Cannot recommend enough."",2025-07-08,Seattle"
"RESP_395,2,""Customer support takes forever. Waited 8 days for response to simple scheduling question."",2025-07-07,Portland"
"RESP_396,7,""Good experience. Would likely use again."",2025-07-07,Miami"
"RESP_397,6,"""",2025-07-06,Denver"
"RESP_398,4,""Staff were unfriendly and made me feel like I was bothering them with basic questions."",2025-07-06,Houston"
"RESP_399,9,""Very good service. Professional throughout."",2025-07-05,Chicago"
"RESP_400,3,""When I arrived they tried to charge me again even though I'd already paid online. Took 30 minutes to resolve."",2025-07-05,Los Angeles"
"RESP_401,8,""Satisfied with the experience. Good care."",2025-07-04,Boston"
"RESP_402,1,""Promised partial refund 4 months ago. Still waiting. Multiple follow-ups completely ignored. This is theft."",2025-07-04,San Diego"
"RESP_403,10,"""",2025-07-03,San Francisco"
"RESP_404,5,""Pre-scan emails are contradictory. One says fast, one says don't fast. One says arrive early, another doesn't. Figure it out."",2025-07-03,Phoenix"
"RESP_405,7,""Solid experience. Would recommend."",2025-07-02,Seattle"
"RESP_406,6,""Fine but nothing special."",2025-07-02,Atlanta"
"RESP_407,2,""Boston location impossible to book. 8+ week wait times. Not what was advertised when signing up."",2025-07-01,Boston"
"RESP_408,9,""Excellent from beginning to end. Very impressed."",2025-07-01,New York"
"RESP_409,4,""Results are 3 weeks late. Every inquiry gets same generic response with no actual information."",2025-11-30,Miami"
"RESP_410,8,"""",2025-11-30,Austin"
"RESP_411,3,""Facility staff didn't know what PreventativeScan was. Kept asking for doctor referral. Had to explain it multiple times."",2025-11-29,Dallas"
"RESP_412,10,""Perfect experience. Worth every penny."",2025-11-29,Chicago"
"RESP_413,5,""Customer support incredibly slow to respond. Takes week+ for simple questions."",2025-11-28,Portland"
"RESP_414,7,""Good enough experience. Met expectations."",2025-11-28,Denver"
"RESP_415,6,"""",2025-11-27,Los Angeles"
"RESP_416,1,""Miami facility waiting room is disgusting. Trash everywhere, bathroom filthy. Unacceptable for premium healthcare service."",2025-11-27,Miami"
"RESP_417,9,""Very satisfied. Professional and thorough throughout."",2025-11-26,San Francisco"
"RESP_418,4,""Staff were rude when I asked questions. Made me feel unwelcome."",2025-11-26,Houston"
"RESP_419,8,""Good experience overall. Would use again."",2025-11-25,Seattle"
"RESP_420,2,""When issue arose at facility, no phone support to call. Just had to email and wait. Completely inadequate."",2025-11-25,Phoenix"
"RESP_421,10,"""",2025-11-24,Boston"
"RESP_422,3,""Appointment confirmation had wrong date. Showed up and they had me scheduled for different day entirely."",2025-11-24,San Diego"
"RESP_423,7,""Decent experience. No major complaints."",2025-11-23,Atlanta"
"RESP_424,6,""Average for premium price."",2025-11-23,Chicago"
"RESP_425,5,""Not clear from marketing what scan actually screens for. Felt misled after getting results."",2025-11-22,Austin"
"RESP_426,9,""Excellent service and care. Highly recommend."",2025-11-22,New York"
"RESP_427,4,""Dallas location completely backed up. Can't get appointment for 11 weeks."",2025-11-21,Dallas"
"RESP_428,8,"""",2025-11-21,San Francisco"
"RESP_429,1,""Website charged me for scan at checkout. Then facility tried to charge me again. Billing system completely broken."",2025-11-20,Portland"
"RESP_430,10,""Outstanding from start to finish. Cannot fault anything."",2025-11-20,Seattle"
"RESP_431,3,""Pre-appointment communication is mess. Conflicting information from every source."",2025-11-19,Miami"
"RESP_432,7,""Good solid experience. Would recommend."",2025-11-19,Denver"
"RESP_433,6,"""",2025-11-18,Los Angeles"
"RESP_434,2,""Results 6 weeks late. Told 10 days. Follow-ups get generic non-answers."",2025-11-18,Phoenix"
"RESP_435,9,""Very impressed with care and professionalism."",2025-11-17,Boston"
"RESP_436,5,""Staff seemed unfamiliar with PreventativeScan protocols and procedures."",2025-11-17,Houston"
"RESP_437,8,""Satisfied overall. Professional experience."",2025-11-16,Chicago"
"RESP_438,4,""Customer support response time unacceptable. Week+ for simple questions."",2025-11-16,San Diego"
"RESP_439,10,"""",2025-11-15,San Francisco"
"RESP_440,3,""Staff rude and dismissive. Terrible customer service for what I paid."",2025-11-15,Atlanta"
"RESP_441,7,""Good experience. Would use again."",2025-11-14,Seattle"
"RESP_442,6,""Nothing special but adequate."",2025-11-14,Austin"
"RESP_443,1,""Boston scheduling impossible. 10+ week waits. Stop taking new patients if you're this backed up."",2025-11-13,Boston"
"RESP_444,9,""Excellent throughout. Very satisfied."",2025-11-13,New York"
"RESP_445,5,""Confirmation email different from portal different from what facility had on file."",2025-11-12,Dallas"
"RESP_446,8,"""",2025-11-12,Portland"
"RESP_447,2,""Miami facility filthy. Trash overflowing, dirty surfaces. Not acceptable."",2025-11-11,Miami"
"RESP_448,10,""Perfect in every way. Highly recommend."",2025-11-11,San Francisco"
"RESP_449,4,""Pre-scan emails contradictory and confusing. Don't know what to believe."",2025-11-10,Denver"
"RESP_450,7,""Decent enough. No major issues."",2025-11-10,Los Angeles"
"RESP_451,6,"""",2025-11-09,Chicago"
"RESP_452,3,""No phone support is ridiculous. When problems arise at facility, nowhere to call for help."",2025-11-09,Phoenix"
"RESP_453,9,""Very good care throughout. Impressed overall."",2025-11-08,Seattle"
"RESP_454,5,""Marketing misleading about what scan covers. Felt misled."",2025-11-08,Houston"
"RESP_455,8,""Good experience. Would recommend."",2025-11-07,Boston"
"RESP_456,1,""Promised refund 5 months ago. Nothing. Multiple emails ignored. This is criminal."",2025-11-07,San Diego"
"RESP_457,10,"""",2025-11-06,San Francisco"
"RESP_458,4,""Staff unfriendly. Made basic questions seem like huge inconvenience."",2025-11-06,Atlanta"
"RESP_459,7,""Solid experience overall."",2025-11-05,Austin"
"RESP_460,6,""Fine but not worth premium price."",2025-11-05,Portland"
"RESP_461,2,""Facility tried to charge me again after I'd paid online. Took forever to fix."",2025-11-04,Dallas"
"RESP_462,9,""Excellent service and professionalism."",2025-11-04,New York"
"RESP_463,3,""Dallas backed up 12+ weeks. Can't get appointment."",2025-11-03,Dallas"
"RESP_464,8,"""",2025-11-03,Seattle"
"RESP_465,5,""Results 5 weeks late. Generic responses when I follow up."",2025-11-02,Miami"
"RESP_466,10,""Outstanding care throughout. Perfect experience."",2025-11-02,Chicago"
"RESP_467,4,""Customer support incredibly slow. 10+ days for simple question."",2025-11-01,Phoenix"
"RESP_468,7,""Good enough. Would use again."",2025-11-01,Denver"
"RESP_469,6,"""",2025-12-31,Los Angeles"
"RESP_470,1,""Staff at facility had no idea what PreventativeScan is. Complete confusion. How are you partnering with facilities that don't know your service?"",2025-12-31,Houston"
"RESP_471,9,""Very satisfied with everything. Professional throughout."",2025-12-30,Boston"
"RESP_472,3,""Confirmation had wrong date and time. Showed up to wrong appointment slot."",2025-12-30,San Diego"
"RESP_473,8,""Good experience overall."",2025-12-29,San Francisco"
"RESP_474,5,""Pre-scan communication confusing with conflicting info."",2025-12-29,Atlanta"
"RESP_475,10,"""",2025-12-28,Seattle"
"RESP_476,2,""Miami waiting room disgusting. Trash, dirt, stains everywhere."",2025-12-28,Miami"
"RESP_477,7,""Decent experience. Would recommend."",2025-12-27,Austin"
"RESP_478,6,""Average experience."",2025-12-27,Portland"
"RESP_479,4,""Staff rude and dismissive of concerns."",2025-12-26,Phoenix"
"RESP_480,9,""Excellent care. Very impressed."",2025-12-26,New York"
"RESP_481,3,""Boston impossible to book. 8+ week waits everywhere."",2025-12-25,Boston"
"RESP_482,8,"""",2025-12-25,Chicago"
"RESP_483,1,""Marketing misrepresented what scan covers. Feel scammed."",2025-12-24,Dallas"
"RESP_484,10,""Perfect from beginning to end."",2025-12-24,San Francisco"
"RESP_485,5,""Customer support too slow. Week for basic answers."",2025-12-23,Denver"
"RESP_486,7,""Good solid experience."",2025-12-23,Los Angeles"
"RESP_487,6,"""",2025-12-22,Seattle"
"RESP_488,2,""No phone support when needed at facility. Ridiculous."",2025-12-22,Houston"
"RESP_489,9,""Very satisfied. Professional throughout."",2025-12-21,Boston"
"RESP_490,4,""Results 4 weeks late with no real updates."",2025-12-21,San Diego"
"RESP_491,8,""Good experience overall."",2025-12-20,Portland"
"RESP_492,3,""Facility staff unfamiliar with PreventativeScan."",2025-12-20,Phoenix"
"RESP_493,10,"""",2025-12-19,San Francisco"
"RESP_494,5,""Confirmation info didn't match between systems."",2025-12-19,Atlanta"
"RESP_495,7,""Decent enough experience."",2025-12-18,Austin"
"RESP_496,6,""Nothing remarkable."",2025-12-18,Miami"
"RESP_497,1,""Charged twice. Been fighting for refund for months."",2025-12-17,Dallas"
"RESP_498,9,""Excellent throughout."",2025-12-17,New York"
"RESP_499,4,""Staff rude. Poor customer service."",2025-12-16,Chicago"
"RESP_500,10,""Perfect experience. Highly recommend."",2025-12-16,Seattle"